"LR_Predictions","DT_Predictions","SVM_Predictions","rf_predictions","svm_predictions"
1255.34440826469,1685.7032967033,1734.0438436973,1295.31260086802,1231.776460004
962.2907339714,1685.7032967033,1497.48897638222,1163.89690428127,927.245071136576
1242.81087537101,1685.7032967033,1540.94529661478,1422.9923956671,1262.35410389592
1352.1338479905,1685.7032967033,1469.00886606447,1546.43040358747,1385.77433357718
1771.78545967869,1685.7032967033,1822.2815715602,1558.64684030806,1739.71888310013
1091.26921265995,1685.7032967033,1523.44743185547,1590.10045585918,1063.10787817903
598.05095316342,1685.7032967033,946.731989885262,1097.18258364635,633.253012081741
556.800954753872,1685.7032967033,993.917758099185,1050.75707940213,654.143690853892
1036.62269272479,1685.7032967033,1200.40926602262,1376.88995201631,1078.42315755109
675.292629891356,1685.7032967033,1042.38704297396,1305.10887336127,687.890464107129
928.172777478915,1685.7032967033,1305.16258742832,1375.01785418775,1056.83066859147
1066.08683252665,1685.7032967033,1458.19396476031,1417.21518719137,1157.00015793894
1277.69385743803,1685.7032967033,1555.54534858678,1291.11328016095,1206.77951253512
-43.183121227915,1685.7032967033,684.009101855645,1200.18918554771,10.9376284725583
525.656389647319,1685.7032967033,829.755030700758,1079.67130484148,585.911336854203
1011.98182860082,1685.7032967033,1474.92346208099,1662.40257657706,1029.83592138996
1196.84937057615,1685.7032967033,1734.39995740417,1868.5230578674,1158.95364258723
1033.69649862791,1685.7032967033,1640.61007885323,1549.99139503732,1150.67644104323
1115.38679291899,1685.7032967033,675.651020118775,1148.28999891595,1148.83802896738
699.331312771684,1685.7032967033,576.027413503372,1058.70019991495,752.139248528209
971.261161696358,1685.7032967033,900.999519724072,1404.20341765067,1004.67573785633
1010.4085724668,1685.7032967033,1461.01453815964,1749.50469875809,979.043826966836
1379.75009524197,1685.7032967033,1478.92223078262,1113.91128510186,1420.34748060594
1258.26337057209,1685.7032967033,1388.85440332422,1198.16999279101,1248.09817757607
583.758842049585,1685.7032967033,1029.3412218898,1445.152873486,584.643553589991
897.420936310658,1685.7032967033,1288.76169608769,1408.291355994,917.256249433976
809.271742292415,1685.7032967033,1088.50437282641,1629.99892691198,896.140360680814
1442.76182377061,1685.7032967033,1551.9481523434,1584.09680909332,1510.70206840423
1289.50218696569,1685.7032967033,1515.34638920812,1700.11284481074,1270.15314648041
713.404590238134,1685.7032967033,869.290900171753,1198.58566091871,793.937861874851
1784.11901774422,1685.7032967033,1625.41917165136,1753.27725164955,1740.86472612184
1822.32575582092,1685.7032967033,1904.51545868271,1770.60584711042,1799.20532839883
934.217273713369,1685.7032967033,1096.12655645285,1607.53019401709,947.832328758145
1414.68256489091,1685.7032967033,1292.71527526148,1560.13650433141,1471.24594030446
1867.14764435845,1685.7032967033,1695.92261123701,1740.86402497013,1867.19286295126
1671.4067883139,1685.7032967033,1445.40555764812,1563.60789814815,1702.19494921207
1761.20485396758,1685.7032967033,1781.01507343422,1739.25014280992,1734.95456519038
2654.72858753398,1685.7032967033,2554.25415037004,2169.2450678693,2526.26886697076
1883.74880596789,1685.7032967033,1997.30308701148,1891.13752009657,1882.27545407461
2178.25827405013,1685.7032967033,2333.28987226685,2060.73107272815,2162.0451849479
2577.26351185428,4550.59090909091,2765.3406192111,2741.02863556304,2521.08929873788
2880.28826229358,4550.59090909091,3133.85764900466,3088.29884761905,2813.3726365437
2366.01132946455,1685.7032967033,2445.37018644478,1895.68435164955,2330.29856145626
1812.47636269757,1685.7032967033,1629.90101185821,1830.10889360357,1763.91800782574
242.400736279079,1685.7032967033,1247.93735070901,1374.26679656085,332.929646135103
1349.72663062528,1685.7032967033,1257.12750365786,1554.47066811901,1418.94212810885
2203.81593994407,1685.7032967033,1885.66139621507,1892.12116879385,2144.33920645603
1085.07999342273,1685.7032967033,1398.32453146951,1752.94496879699,1124.18711577945
1130.06569037661,1685.7032967033,1573.65065382031,1628.59847063492,1202.24456966029
1997.41432809829,1685.7032967033,1854.52710995373,1802.68277069717,1988.05329327156
1903.56036195138,1685.7032967033,1912.33382905951,2120.54559609399,1859.37276309183
1002.82047158129,1685.7032967033,1253.55038166044,1586.86874848485,1052.49955540234
2142.43728987651,1685.7032967033,1769.11739957424,1804.35037698653,2153.77449250829
1555.37582890808,1685.7032967033,1752.14169911624,1972.07225714286,1579.51233345561
1656.37428912716,1685.7032967033,1857.14214160103,1912.52826623377,1687.91362526428
788.250891129139,1685.7032967033,790.925142490855,1226.26630562771,909.589098816616
1535.63574287473,1685.7032967033,1845.83491996122,1863.76723964077,1641.15789724132
2618.35353442171,1685.7032967033,2324.93779629985,2185.74320425751,2558.67758208496
1397.27463384167,1685.7032967033,1593.20325640567,1885.61657647908,1458.76328295557
330.367358884653,1685.7032967033,1838.41006900562,1362.28888070175,337.903204955988
1649.3857880744,1685.7032967033,1913.74748199575,2002.74313015873,1676.69869489113
2313.80055340356,1685.7032967033,2263.86315804066,2137.65243686869,2336.45372486572
2497.90624685305,1685.7032967033,2317.93965612387,2179.41017639999,2440.0041688939
1666.26485988628,1685.7032967033,1920.86126839059,1991.66287550695,1661.21535397211
1753.57188665477,1685.7032967033,2014.58698115791,2065.37870505051,1772.66584175999
2682.50959902515,1685.7032967033,2770.77429692906,2554.99120843776,2672.88556024558
3346.62810023732,4550.59090909091,3491.07145902721,3280.00374920635,3271.23485125009
2884.02219868281,4550.59090909091,3132.08941651704,3144.88629671593,2852.30292458512
2259.64205088587,1685.7032967033,2106.8254508125,2286.58823401751,2217.66046154731
2568.83785546269,1685.7032967033,2735.01850351774,2338.3312547619,2608.64645629182
2406.90429796605,1685.7032967033,2276.61459134683,2098.0233538961,2502.34736002135
2107.30946387947,1685.7032967033,1955.5585100522,1996.32227056277,2229.03594024827
3098.00753317256,1685.7032967033,3014.31249642095,2313.60929590409,3174.09809069233
3325.03323906121,1685.7032967033,3029.59989447081,2437.1128995671,3336.79458562923
3261.38938072189,1685.7032967033,2715.61612815597,2220.67066257076,3242.15117026762
3461.86670143598,1685.7032967033,3098.03165269106,2444.41034718615,3452.96630228739
2694.37111372221,1685.7032967033,2841.86550867561,1983.11415238095,2715.42177580591
2285.16607218237,1685.7032967033,2204.18519141538,2260.73286697192,2390.28854012919
3371.33574144842,1685.7032967033,3373.91774341613,3098.37213448774,3338.6192510685
4421.7891897215,4550.59090909091,4289.40004071216,3671.22473912231,4294.24606425163
2958.11053223995,1685.7032967033,3042.00372057515,2264.62483015873,2947.23987963856
3535.94089781062,1685.7032967033,3634.48167736244,2969.63846782107,3566.96685314118
3763.39089134967,4550.59090909091,3771.68232032673,3313.40600843776,3759.84850426767
2287.68178252234,1685.7032967033,1880.62887348308,1812.23163681319,2406.04196244993
2511.37439833511,1685.7032967033,2504.55911493794,2407.28666666666,2567.59633685264
2573.04393557892,1685.7032967033,2613.67345337968,2817.83354285714,2573.63031190658
3151.02817503957,3768.93333333333,3156.75530617029,3517.31544920635,3139.42532924258
2935.47710659951,3768.93333333333,2772.50973294052,2793.90737539683,2963.74867433861
2600.88263634845,1685.7032967033,2235.40030340673,2224.64129199134,2681.56151405679
4149.39128886486,4550.59090909091,4097.75503427149,3606.74526081871,4082.21903252575
2851.99469947572,4550.59090909091,3296.63612904983,3400.09089206349,2977.39532102952
735.964821604425,1685.7032967033,1397.62461227558,1541.56883809524,882.799340862455
3371.14253214107,4550.59090909091,3701.07591491209,3789.72362063492,3369.50914214378
4024.07241438704,4550.59090909091,4004.60594244477,3594.83100102708,3950.06993309787
3408.96276721156,3768.93333333333,3508.8590158979,3416.55875873016,3345.9098358257
4268.68963607761,4550.59090909091,4211.85263018395,4083.3494988456,4236.44893131403
3714.46123204152,4550.59090909091,4037.73593871794,3963.13758730159,3729.71610730199
2489.6751770456,1685.7032967033,2370.16666804148,1964.67345982906,2569.07844231238
3209.72765495859,3768.93333333333,3240.80508148597,3943.57829523809,3147.00041218801
3992.70002576331,4550.59090909091,3618.8556585711,3932.16375780363,3961.43687382698
3455.15119781112,3768.93333333333,3342.40505007115,3793.15816825397,3441.8418007714
4144.19117062009,4550.59090909091,4358.74561786395,4315.17827539682,4109.86028410312
3906.46909834955,4550.59090909091,4245.06244798547,4650.36447222222,3882.98803540839
3211.22307740805,3768.93333333333,3660.80873131892,3656.50126666666,3199.57615470206
3991.34688295185,4550.59090909091,4398.40035734016,4424.77098894009,4054.91443463429
4072.92587303552,4550.59090909091,4407.97880367416,4619.52770647256,4142.67885390545
4522.59552099587,4550.59090909091,4905.6438628178,4847.56011230159,4499.70627951524
4350.50814862727,4550.59090909091,4542.20309038806,4575.66634166667,4287.43635530829
4252.86243983083,4550.59090909091,4403.76054935102,4425.48585829329,4244.50400679196
4684.9258701374,4550.59090909091,4687.2708485902,4803.06256666667,4626.70882655583
4131.37750866583,4550.59090909091,4121.36006338346,4659.60058809524,4196.58114771619
3418.12312235218,3768.93333333333,3311.83023568007,3998.91410499501,3487.41450535692
3477.85780690276,3768.93333333333,3601.90452122051,3474.8025,3517.77569636744
4264.95565387759,4550.59090909091,4073.19089715321,4162.1632780112,4271.43529417851
3522.89685527601,3768.93333333333,3278.93883819232,3900.90262858808,3579.79393652508
3721.41424847031,3768.93333333333,3876.54380280345,4391.30995627706,3723.8679692582
4863.26623021351,4550.59090909091,5143.15848600972,5309.10706746032,4805.98145722145
3670.82670075575,3768.93333333333,3469.4766165956,4139.4906491342,3673.98646079883
4081.84418260074,3768.93333333333,3957.30405068829,4404.97562597402,4050.40673847954
4930.96846653599,4550.59090909091,4734.50054453562,4830.69041955267,4897.39387783231
4990.54985191519,4550.59090909091,4710.83687932668,4651.66080214356,4956.13683213105
4833.30044157991,4550.59090909091,4703.16689908933,4678.0500493297,4833.9563813162
4614.66486794159,4550.59090909091,4619.8048699952,4786.94681984127,4626.95744589912
4422.17865610825,4550.59090909091,4412.45687194936,4253.84844489247,4391.93237872482
5533.05615727534,4550.59090909091,4834.11214177621,4280.18808253968,5404.11858555478
4572.90760055404,3768.93333333333,4296.5694027049,4123.98846320346,4539.90053711519
5162.96739958552,4550.59090909091,5043.45978164598,4925.00788417819,5129.12093704147
5075.88723362683,4550.59090909091,5216.87897513614,5285.22079404762,5020.88818405307
4832.43325087155,4550.59090909091,4643.33538416264,4612.9293678171,4798.72822936944
5408.94718055477,4550.59090909091,4824.08037575384,4477.96831815407,5358.00163184894
5062.68691730046,3768.93333333333,4608.32686606438,4075.80700627705,4943.41789752832
5322.11195915784,4550.59090909091,4930.19338381816,4606.24378388579,5286.67980954002
5056.6588454851,4550.59090909091,5126.72388774581,4975.41710880231,5040.4778344156
4425.28273644494,4550.59090909091,4355.8660873994,4570.67466730769,4442.81801973971
4285.06885065059,4550.59090909091,4752.24303495007,4886.95517465438,4341.88718249469
4324.14014915621,4550.59090909091,4736.26714881483,4968.06788095238,4395.61586252828
4904.17135870721,4550.59090909091,4988.43889093401,5042.68881789322,4893.59440246745
3899.0258031794,3768.93333333333,4119.6164191764,4048.23941341991,3936.30071856688
4626.86186477975,4550.59090909091,4500.82598927112,4767.64748547309,4685.4527374056
5006.44656323335,4550.59090909091,5121.18217900497,5093.40692857143,4988.83678846881
4276.84339530173,3768.93333333333,4540.81979660251,4678.92371309524,4185.13522932129
3809.99406510279,3768.93333333333,3900.33632210751,4204.34735151515,3817.95478458886
4015.62507504758,3768.93333333333,4107.79213567267,4567.00705714285,4056.46862617086
4969.23030907262,4550.59090909091,4667.19699708243,4574.75351235431,5007.97572883672
4219.59419097351,3768.93333333333,4166.77552951594,4437.98125310245,4254.12239858054
4995.62086568096,4550.59090909091,4964.1286743618,4909.7472040916,5032.66041076412
5042.29081971137,4550.59090909091,5265.54223925081,5159.47853293651,5038.12512290374
4950.67009623814,4550.59090909091,4909.44936580819,5124.79255937118,4881.48039598086
4298.60570146903,3768.93333333333,4516.05713786813,4592.32815151515,4250.37407756844
5090.85561805083,4550.59090909091,4855.75431602836,4629.82342844378,5087.57345529913
5035.9483274519,4550.59090909091,5094.86168111951,5077.38297662337,5060.28140457474
5169.09923963286,4550.59090909091,5101.65746634284,5208.65645264481,5146.93034642685
5147.47365557923,4550.59090909091,4727.41475313902,5041.77800210091,5074.00088118073
5093.52554176834,4550.59090909091,4866.04454669027,5066.00324675602,5015.98449609686
3477.52079600597,3768.93333333333,4016.33304394979,4474.70054239927,3489.41688230052
4747.95825264302,4550.59090909091,4714.53464194902,4621.61968362193,4732.44379486269
4643.7439707656,4550.59090909091,4564.17436330189,4564.3198423107,4664.4609553239
3645.23388117942,3768.93333333333,3850.95681385035,4127.6107038961,3718.75522793163
4646.1541711914,4550.59090909091,4858.49509719119,5034.29627591298,4653.8690168499
4408.61505664654,4550.59090909091,4518.51358211866,4689.63902914585,4391.67735110848
4797.89421320385,4550.59090909091,4595.42946324673,4428.0759067586,4791.50688731514
4062.09643390516,4550.59090909091,4353.02699829346,4972.56287301865,4101.81959027418
4769.6322009371,4550.59090909091,4575.73660406897,4475.17554983219,4761.56761449273
4815.83957695198,4550.59090909091,4565.54430599768,4415.83542027841,4817.92486679296
4195.49316966386,3768.93333333333,4007.90082584237,3976.35332691198,4188.51311441849
5314.8092566983,4550.59090909091,4567.15073663705,3715.05528730583,5257.80473771154
5448.71797321802,4550.59090909091,4743.34623204936,3824.97561309524,5345.25565223327
4862.83946760949,4550.59090909091,4442.63214498892,3834.96190833333,4789.58593932127
4466.1020813188,4550.59090909091,4293.22266822132,4127.98721704439,4469.45161607444
4728.05384705748,4550.59090909091,4655.1845059899,4570.32561325211,4726.50641015554
5148.65504071075,4550.59090909091,4721.40957409629,4650.09206122081,5089.05228187758
4830.5762663872,4550.59090909091,4615.3106401569,4468.23475024721,4826.41733496561
5197.30557158603,4550.59090909091,4823.66325775294,4556.70993174881,5125.43153219175
4883.75832645762,4550.59090909091,4495.14796072164,4370.86513296981,4797.0432130465
5135.67952164703,4550.59090909091,4727.63779257178,4405.26587856746,5063.55323509012
5237.75989754238,4550.59090909091,4868.22508443488,4748.01813369833,5184.99971748149
4573.35365423541,3768.93333333333,4678.18964347198,3969.02833246753,4511.3592087719
4861.83770322357,4550.59090909091,4787.93377259014,4762.75680776746,4883.02333446694
4057.72654478786,3768.93333333333,4102.61741194653,4197.45723809524,4076.53300448804
4436.85153917511,4550.59090909091,4099.51440934959,4100.63308095238,4455.83564069838
5227.30382996567,4550.59090909091,4903.01780228312,4607.15524872219,5173.04444494051
5419.62479019237,4550.59090909091,4963.85653109015,4783.72352042271,5347.49041816791
5251.52777298581,4550.59090909091,4984.49012623971,4850.65777226963,5184.84774571822
5378.67198268917,4550.59090909091,5052.10758222715,4957.56815928262,5298.16461932338
4010.95292235045,3768.93333333333,4276.51244958796,4196.91777142857,4026.79408698701
3485.37265660434,3768.93333333333,3484.26365154399,3901.25703333333,3523.44236394848
4246.52533001121,4550.59090909091,4229.10727195824,4340.89421760064,4306.36103777837
4638.15703775293,4550.59090909091,4691.16143243281,4761.91318712953,4670.04238045603
5139.22486586538,4550.59090909091,5017.87787716583,4747.93589066489,5104.44459640556
4645.8026282002,4550.59090909091,4467.52740879298,4264.61727210138,4694.90233733005
4234.8060558975,3768.93333333333,4461.58275420607,4184.30344199134,4227.20247735429
4953.55530162336,4550.59090909091,5076.72897132299,5074.81741259019,4930.5572290327
4131.20749935134,4550.59090909091,3758.38141839866,4086.52144761905,4197.54097416494
4832.88595134074,4550.59090909091,5006.1732648751,5359.08654704185,4803.18156086722
4551.92620277545,4550.59090909091,4637.79163174573,4919.06606822622,4612.43775219597
3903.56055058186,3768.93333333333,3856.07451635027,3770.75447215007,3945.73085989806
4887.99907418134,4550.59090909091,4741.31054009269,4614.14589097744,4899.35176695669
3312.04966776688,3768.93333333333,2646.28832194899,2403.89033333333,3462.29319928862
4519.26703985508,4550.59090909091,4740.56857923899,4605.02356435389,4514.53850511054
4734.25207305652,4550.59090909091,5011.91939095402,5090.07147193362,4722.94379377852
4979.02987362436,4550.59090909091,5088.97913349897,4980.50299393939,4949.18181368368
5155.68889361024,4550.59090909091,5212.72958447566,4954.37928525664,5126.07952120083
4996.88247606965,4550.59090909091,5047.93737494278,4741.60097103174,4997.73910892365
4765.0936832428,4550.59090909091,4538.77778197365,4770.60948754579,4750.23142759229
3427.39210622696,3768.93333333333,3844.83767279109,3802.24480909091,3485.1220016314
2585.63373656582,3768.93333333333,3421.16754374443,2587.88842142857,2611.31660605333
2374.99111278277,3768.93333333333,2775.34607500486,2526.94570476191,2447.65689973228
4305.13244625477,3768.93333333333,4040.35101032698,3814.41319114219,4313.03076314183
4986.07885165732,4550.59090909091,5008.4689651459,5038.32789007936,4985.30566241087
4826.98995480426,4550.59090909091,4917.19717531712,4965.39713992674,4777.94822885341
5003.1021649113,4550.59090909091,4921.75575974865,4724.13123686471,4949.79682129107
4938.87157901869,4550.59090909091,4955.48166772322,4809.09524502164,4935.25112491194
5119.91118430831,4550.59090909091,5012.33108926604,4799.15258463203,5112.43825494927
3831.23870418512,3768.93333333333,4064.14515635682,3948.5563059163,3889.23320262926
3894.47893360461,3768.93333333333,4649.44415136694,4467.96474242425,3912.22560688443
3700.76487429773,3768.93333333333,4319.40029834713,4350.14604761905,3744.25161805618
3911.32295757711,3768.93333333333,4437.50407317129,4441.47815670996,3893.20162567217
3791.61867234785,3768.93333333333,3830.601613326,3895.07167447553,3835.9122333362
4148.98710540431,3768.93333333333,4073.12321012313,4031.14210780886,4159.02722341946
4150.43017993179,3768.93333333333,3950.1867212223,4186.85835780886,4165.3561680907
4879.68897524526,3768.93333333333,4012.91573249087,3025.16070802531,4867.03673891235
5042.29837977277,3768.93333333333,4866.31453856125,4712.55541428571,4976.32998531597
4967.67241947082,3768.93333333333,4760.45094146958,4809.74756666667,4850.33797265935
4959.99684908738,3768.93333333333,4438.74180501065,4415.54361666667,4883.87635891546
4914.42959481699,3768.93333333333,4253.4860460214,4111.59589871795,4876.75691321728
5008.73839196161,3768.93333333333,4374.684248646,3996.42030982906,4974.71470150345
5543.20481240276,4550.59090909091,5132.34901984543,4814.62500062461,5530.76957816505
5338.6258313282,4550.59090909091,5148.61624958871,5005.67333345669,5360.39264520027
3308.86911393998,3441.5641025641,3127.46405564243,2948.47807222222,3394.22289796986
2904.34849824927,3441.5641025641,2725.7630690461,3097.48418333333,2970.83784115234
3582.78985706034,3441.5641025641,3762.91400040695,3621.25772106227,3560.97102357845
4897.87744388095,4550.59090909091,4997.0583506463,4790.84642359307,4878.08165899895
4815.94462114737,4550.59090909091,4957.8327430855,4695.70901758367,4786.76732070277
5150.33655330758,4550.59090909091,5095.49391708052,4972.16425007215,5076.69200581429
5095.45405806722,4550.59090909091,5250.27020779659,5234.02870595238,5016.0412212456
4778.42579968578,4550.59090909091,4894.27014959017,5159.09215897436,4691.75476139908
4237.12058563234,3768.93333333333,4146.94761992907,4342.43156515151,4193.70846086915
2245.531954997,3768.93333333333,2525.94506622724,2508.94052597403,2313.30482546601
4272.0099695823,3768.93333333333,3842.208378489,3308.6803041292,4245.05503829614
4203.96949262082,3768.93333333333,4167.53970472975,3923.45056911977,4190.45138304373
4776.3948978181,4550.59090909091,5034.85162891218,5071.6993,4754.30355016883
4418.13085887921,4550.59090909091,4614.08453177676,4883.3305018315,4391.32748723613
4357.41275869629,3768.93333333333,4620.43312700804,4594.14873181818,4277.19988096987
2270.58710191952,3768.93333333333,2616.91576685656,2632.04182597403,2332.84819719381
4387.57797215462,3441.5641025641,4531.66030777031,4151.28436440907,4430.86894174994
4636.94215058964,3441.5641025641,4834.1837595773,4317.73315198413,4608.3926739392
4120.92956325385,3441.5641025641,4188.80926666435,4138.80703333333,4115.95865648547
4304.80337530134,4550.59090909091,4245.65716621249,4087.10611610644,4313.95543589406
4544.12636805677,4550.59090909091,4706.61355062264,4648.99571911977,4544.68411459881
4128.72048364947,3768.93333333333,4320.95186310157,3935.59896984127,4096.84646173794
3718.62906150544,3768.93333333333,3491.36381124642,3181.58029047619,3753.25666920991
3424.1245417672,3441.5641025641,3589.70323241523,3563.06777026862,3476.79600842754
3636.76675462428,3441.5641025641,3568.2755033172,3521.87299221889,3686.51195372318
3905.31755502168,3441.5641025641,3861.77528015066,3706.10029192077,3944.16746250466
3735.33728925923,3441.5641025641,3990.09899289349,3948.44864835165,3703.59828855161
3690.37309447402,3441.5641025641,3941.53731840253,3670.20639566544,3671.69075233569
3511.10762988705,3441.5641025641,3720.2435819583,3699.32433600289,3489.74069811949
3223.57651005589,3441.5641025641,3457.45090312842,3530.78257244977,3189.56412625802
3776.65336656655,3441.5641025641,4035.48801362155,4041.36031471306,3726.32652953122
3827.33434128641,3441.5641025641,4061.15248683003,3988.77804566544,3786.34287469047
2738.8858246058,3441.5641025641,2919.65761771148,2963.16368681318,2754.00597730533
2572.25395418523,3441.5641025641,3175.11676371576,3417.2860960262,2687.09025937629
3522.46923702483,3441.5641025641,3832.39228415597,3740.34798948274,3510.65712113564
3546.29185131823,4550.59090909091,3908.92151346225,3667.57106832612,3486.50095779152
3763.34339003574,4550.59090909091,4244.22466880149,4305.65113333333,3729.68584623304
3506.14331986451,3768.93333333333,4002.47983489064,4040.92676813187,3415.94079305856
2626.30644933217,3441.5641025641,3149.25966150637,3155.85932252747,2649.06116482315
3448.36415421444,3441.5641025641,3675.17108988174,3664.29563600289,3440.34867567924
3057.51238600236,3768.93333333333,3669.38982195046,3519.73929280719,2960.54841766602
1304.79612891934,3768.93333333333,2572.95948498743,2683.90597835498,1285.81488322918
1229.13041770185,3441.5641025641,2300.47466316766,2388.66218772894,1247.1871856615
2730.49472887863,3768.93333333333,2858.33389779051,2838.30503003663,2779.57695585771
3005.18235902586,3441.5641025641,3592.59150044163,2648.45717142857,3039.54385509945
3788.42893881576,3441.5641025641,4058.45737805272,3317.97978946054,3752.20315652662
3440.13653670692,4550.59090909091,3724.06729803726,3473.93643102453,3407.68274997798
3130.96210907585,3441.5641025641,3397.93147971951,3606.75931436342,3197.2963127246
3388.01434537801,3441.5641025641,3587.46232110245,3446.32586965322,3401.95601137416
3612.5143342264,3441.5641025641,3809.37513279365,3680.78483443844,3597.48141227378
3572.97940420073,3441.5641025641,3616.81913369714,3571.28687599068,3539.02358553051
3171.32263531546,3441.5641025641,3293.36389995165,3443.00257324342,3151.23462326533
1197.19062365372,3768.93333333333,1922.50588025106,2631.44844502164,1250.45564659776
3030.97164390328,3441.5641025641,3129.75129536433,3257.84892990963,3096.280094099
3444.62784301629,3441.5641025641,3587.92639761927,3622.83878357264,3453.05969744603
3205.24280554045,3441.5641025641,2840.95854870613,2809.23412690643,3135.80278505463
3097.4723130314,3441.5641025641,3117.56649594434,3268.35548510999,3089.31518766456
3298.85745593912,3441.5641025641,3416.65654314687,3448.07409029924,3303.5343751857
3200.57889732443,3441.5641025641,3576.32967938994,3649.73563540414,3119.6101817009
3140.0538268746,3441.5641025641,3677.83636477239,3435.30193216293,3100.93900461175
2562.09846193917,3441.5641025641,2749.90450498498,2980.91289042624,2569.15236942752
2825.99319445659,3441.5641025641,2689.54039255481,2774.54277800533,2837.57755803072
3007.80806715746,3441.5641025641,3169.90221523487,3336.13676252146,3032.53487877275
3487.5461263152,3441.5641025641,3942.45326487714,3685.4387058608,3354.88906739612
1606.07991552937,1685.7032967033,2016.09624668833,2220.87848571429,1666.82029573403
1762.39852651261,1685.7032967033,1853.25251417549,1489.2576969216,1744.08185232463
1203.66982599472,1685.7032967033,1273.06295687622,1332.6756000962,1206.57273775283
868.583564156912,1685.7032967033,1540.92268439652,1668.29714085405,922.177475625193
904.371775835754,1685.7032967033,1354.22968366703,1579.35289974937,912.726731943747
1532.44727605303,1685.7032967033,2109.08029943105,2148.86004600582,1572.11153016068
1641.09288908053,1685.7032967033,1812.89433019893,2259.12543788638,1631.06083760137
1817.06294168779,1685.7032967033,2169.36580773545,2536.80731516291,1812.13554654897
2777.03666889673,2647.30303030303,3087.85382236622,2486.0854684669,2869.43031848602
2813.74720589035,2647.30303030303,2559.8776928056,2530.79613144863,2952.53522681799
3948.62920467368,2647.30303030303,3970.17412080524,3384.24470598494,3925.11292031252
4406.96293795778,4465.72368421053,4712.38418413139,4212.69047492156,4337.99287018461
2898.49546493719,2647.30303030303,2968.37850936455,2483.38241491705,2873.40130683244
3694.05993382571,4465.72368421053,3845.00745372936,3596.38005976476,3722.42229743411
3008.24669346195,2647.30303030303,2985.23032412489,2474.3086563312,3038.2565277584
3369.04937103061,4465.72368421053,3613.60117407371,3776.60799356591,3363.32485249527
3338.33692083306,2647.30303030303,3406.33386180565,3165.91752553233,3452.6030134897
3543.91737090405,2647.30303030303,2945.35879171704,2373.72512084785,3559.92288156184
3056.41997204816,2647.30303030303,2506.52694694731,2280.27137243515,3085.92779351704
2456.74637676164,2647.30303030303,2490.01079971799,2477.04494624468,2578.61340893043
2909.12247760222,4465.72368421053,2978.4570965529,3118.49434002528,2975.47806104504
4138.99489253638,4465.72368421053,4251.29180217615,3502.17413119333,4101.28689798989
3395.05042435065,2647.30303030303,3223.71692779687,3117.56758751452,3450.1501573117
3196.62962467658,2647.30303030303,3314.19296408324,3035.0149638348,3175.15805753808
2302.41230022733,2647.30303030303,1743.43536071656,1820.83784761905,2416.87236185828
2071.6426189014,2647.30303030303,1636.2962343492,2038.75990952381,2150.22779243439
2491.20766777031,2647.30303030303,2305.33301110977,2238.46982097766,2543.03558453447
3552.63678410406,4465.72368421053,3920.6076415352,3733.2627324548,3494.82347329541
3234.69705808083,4465.72368421053,3307.2307509104,3644.98628446972,3287.07948436093
3938.45895291757,4465.72368421053,3996.12792292012,3767.94582860121,3930.63673697967
3783.42102671177,4465.72368421053,3390.77345854363,3057.68435656214,3716.56911710581
3750.56170104491,2647.30303030303,3708.06477015192,3327.9478469609,3718.365196836
4920.67700067082,6200.66101694915,5100.952441874,4894.05417942843,4837.26771852325
3798.58079638408,4465.72368421053,4061.48062053431,3795.32065301757,3757.72378781347
4214.49095758229,4465.72368421053,4123.61437434625,4012.16972311252,4214.46836860223
3240.9314125447,2647.30303030303,2984.86335796073,2550.42254285714,3249.56762022066
2937.36562568209,2647.30303030303,2760.19529658929,2766.4114034632,2929.53675063633
3780.30831928087,4465.72368421053,3591.31012679512,3674.27976802872,3789.01991994977
4419.24810593036,4465.72368421053,4321.29718140206,4224.59278819189,4365.96299844561
3287.36418020922,2647.30303030303,3173.78800439981,2844.44856217535,3298.18804513053
3855.23730610049,2647.30303030303,3638.1833507599,3684.15567553761,3891.6998497253
3734.90466336822,4465.72368421053,3711.82593358721,3590.30147444086,3674.77559151661
1106.85482513341,2647.30303030303,1842.57702758755,2312.34351111111,1225.78328389947
3151.64212924049,2647.30303030303,2143.65211360863,2134.71514740463,3188.9165488337
3823.20053597553,2647.30303030303,3212.63548999648,3196.40580395945,3800.33766752482
3770.24211150338,4465.72368421053,3821.22605916874,3804.01435409454,3689.09429849129
4365.40348094402,4465.72368421053,4352.12373650787,4239.59228992349,4342.95216713871
4305.51202954939,4465.72368421053,4101.39862197727,4134.05348163151,4280.04743238666
3046.29018626633,2647.30303030303,3076.30857504553,3132.46096132404,3130.33907994138
3793.02144589258,4465.72368421053,3610.24716593373,3731.60426218456,3835.9735205393
4363.72883205907,4465.72368421053,4505.21106701296,4459.79003797544,4360.31556429679
4719.14754580209,6200.66101694915,4930.87675729307,4940.59861125189,4661.14349859774
3623.90276485282,4465.72368421053,3679.50236244705,3553.06158475832,3635.12704254234
4299.82589929508,4465.72368421053,3648.8122412302,3069.68960086228,4253.78382955088
4042.86349327918,4465.72368421053,4129.38253166922,4083.05196568107,4033.7979396602
4475.13188792538,4465.72368421053,4255.18411076607,4160.94926091916,4413.18091202143
4956.42673960375,6200.66101694915,5182.39909673232,5155.06116431615,4939.9958919558
4084.20012104578,4465.72368421053,4274.45557044143,3671.30803317102,4059.67861487962
4359.39104132897,4465.72368421053,4643.18516556134,4159.70448679654,4284.33757218925
4010.18256084542,4465.72368421053,3614.54290082263,3547.17573686027,4033.60141366175
3882.08578375788,2647.30303030303,3507.1913531477,3392.28860774521,3931.38827341377
4204.83073024497,2647.30303030303,3763.19185477938,3714.87653501794,4231.50561460951
4471.37253880266,4465.72368421053,4485.50574323554,4551.79045828356,4526.07541479958
5338.45507660873,6200.66101694915,5624.97194786606,5419.15500876059,5263.7514916909
4547.80606502159,4465.72368421053,3760.2700538894,3637.3571727577,4527.7005873919
4371.04396285375,4465.72368421053,4171.61493494632,4407.98443686027,4337.67848144284
4966.00863841844,6200.66101694915,5105.56104432335,5199.79580637436,4891.25917324896
5896.75191761713,6200.66101694915,5968.56539277598,6019.26223646094,5738.59474040667
5557.32620172412,6200.66101694915,5825.46890215486,5962.6854119352,5451.54195307933
4098.20755884172,6200.66101694915,4392.0097066087,5460.47194444445,4019.95516961843
5048.8242157412,6200.66101694915,5218.25931443534,5894.64081907278,4988.12394854372
5706.53165312298,4617.92857142857,5839.32228256336,5968.68380238095,5639.19943402027
6140.14702158132,6200.66101694915,6571.91544641037,7248.7657047619,6022.58262656202
5152.59311736763,4617.92857142857,5068.51494841516,4336.86401666667,5168.06657384401
4483.12855556047,4617.92857142857,4234.54087276539,4650.45581666667,4527.21609504548
5882.26978882421,6200.66101694915,6031.17201567674,5657.83239545731,5831.50803001506
5738.8429429056,4465.72368421053,4968.87678712019,4774.26243333333,5702.83537230729
5233.40390532177,4465.72368421053,5557.11321408652,5119.67375,5202.24322661323
4880.64942467086,4465.72368421053,5018.85147918505,5437.06436620047,4918.88191639064
4825.46971293604,4465.72368421053,5115.41280822027,5612.88062240537,4795.66953518709
5338.20923557168,6200.66101694915,5499.2669725519,5913.62325969634,5386.60541549532
6366.96547051042,6200.66101694915,6051.31624041555,6484.570727886,6261.46667832119
6475.85674107871,6200.66101694915,6650.42294222635,6469.86915712898,6401.1868288881
5995.63413008036,6200.66101694915,6023.71049663807,6289.96904449488,5965.15246203818
6078.03531329908,6200.66101694915,5648.30044826338,6438.46781601732,6026.70095506671
6135.54613783074,6200.66101694915,5818.9312048941,5826.89310097402,6020.67486991803
5761.05539037814,6200.66101694915,5606.33266480058,5577.94536154401,5748.99176880852
5784.00014032131,6200.66101694915,5905.7581362735,6051.81750870844,5784.80484030727
5286.85792801525,4465.72368421053,5187.30379755193,4922.37271349206,5368.9372101496
5471.59400985503,4465.72368421053,5593.98871678087,5326.35583357802,5528.75404768438
6197.65680962055,6200.66101694915,6222.27561921881,6348.80081854534,6145.13111454601
6164.07288784827,6200.66101694915,6591.26619661871,6943.63743802309,6117.87088179866
6247.59641208295,6200.66101694915,6650.50935954129,6706.63880422078,6152.29219756142
5652.69380347237,6200.66101694915,6178.40249837994,6366.42815209235,5662.50860041214
6507.92197918502,6200.66101694915,6544.27698398084,6517.7986309385,6430.93639825786
6325.75198543896,6200.66101694915,6372.99319956019,6507.59178232323,6254.8701956733
5932.61544988061,6200.66101694915,6003.2583714887,6569.91346562262,5960.97338135722
2383.21281686892,4465.72368421053,2650.50192532375,2087.40103333333,2527.79896143514
3938.30517018865,4465.72368421053,3369.09007994538,3535.95650952381,4074.73374489827
5603.76324631029,4465.72368421053,5685.29976069823,5448.97942080745,5626.6513649089
6434.72977589397,6200.66101694915,6261.91794901717,6350.75175090188,6342.49778487622
5277.36469753885,6200.66101694915,5318.99905357736,5234.00274365079,5270.4178684579
5722.73582028492,6200.66101694915,5751.22249533669,6104.59803412698,5769.33457895095
5344.60214213108,4465.72368421053,5495.77557037699,4648.14860952381,5271.03019559457
5767.89191666212,6200.66101694915,6007.7559855415,6285.06255277778,5707.64963861709
5279.04580118735,6200.66101694915,5609.44865065223,5669.98376336996,5209.57468956541
6185.05708842681,6200.66101694915,6499.3181485395,5999.61325924632,6134.02471548441
6409.4001219341,6200.66101694915,6285.59952616177,6182.71255945378,6458.39775300646
5908.6759949623,6200.66101694915,6154.40502437725,6153.69530396825,5905.03902456902
6710.30392002752,6200.66101694915,6769.28065076525,6567.01529840045,6732.25404423469
6179.03556307432,6200.66101694915,6551.65769485315,6293.14986526252,6140.78648020262
5645.26871605882,6200.66101694915,6074.13144263847,6036.99667796093,5611.36585723206
5597.00115112388,6200.66101694915,5535.65042600328,5713.96159660895,5648.68536519654
5829.06801605334,6200.66101694915,5910.36923086888,5129.53812829393,5855.10090735302
5995.89872985485,6200.66101694915,6244.76007466756,6482.15919292929,6095.61979347361
6698.85514517176,6200.66101694915,6838.25780778456,6892.59386835305,6686.90618765801
6957.07135473728,6200.66101694915,7230.07643781068,7381.93933023088,6885.54323415997
6412.59191976197,6200.66101694915,6834.47888871923,6492.68464880952,6389.7616154967
5535.21734170539,6200.66101694915,5466.74025365947,4076.58837698413,5560.81345096695
5979.05894727071,6200.66101694915,5888.64541189578,5317.6535037518,5967.3506194613
6941.42364617701,6200.66101694915,6989.21896454739,7038.05627209114,6915.10634425955
6854.96865705837,6200.66101694915,7245.22314089013,7262.14432249009,6824.10743625875
7269.62192562376,6200.66101694915,7202.73311779153,7742.59109848485,7151.0628715678
5551.5058424524,4617.92857142857,5291.38303778832,4354.0446531746,5583.74666196932
6316.44691345686,6200.66101694915,6335.69477944173,5691.74908629149,6265.27872245483
6794.62701865153,6200.66101694915,6853.35167967815,6717.25747097281,6796.27632941652
6989.35083461443,6200.66101694915,6854.2501676427,6626.10911268617,6977.33481850579
6184.96238432454,6200.66101694915,6450.42944458312,6221.85867969187,6211.90799366972
6718.39870676396,6200.66101694915,6182.76981846325,6047.68017969187,6747.19190856465
6552.37499716584,6200.66101694915,6765.97717489303,6612.13308940504,6469.12707278798
7212.14650009049,6200.66101694915,7393.09250107183,7067.84484087024,7142.5066375799
5883.13543967064,7021.29411764706,5821.38910140926,4890.06822619047,5967.16338378695
6538.30850381381,7021.29411764706,7274.85898047098,7776.88286031746,6586.8800920279
6416.46537157874,7021.29411764706,7002.84770708326,7373.88064404762,6419.75023042311
5577.28500299293,7021.29411764706,6174.34834417603,6615.95288549783,5647.4593429545
6641.18877546577,7021.29411764706,6862.14476819715,7081.41832514006,6671.91779784662
7006.83172784018,7021.29411764706,7359.18331568482,7495.96633736531,7010.61986956648
7413.76414807045,7021.29411764706,7451.28809510215,7390.68225793651,7341.49311309247
7040.14042730454,7021.29411764706,7159.97244975418,6789.03389459707,6970.15724394336
6333.32321148238,7021.29411764706,6591.21849164388,6449.93638095238,6292.03382891911
5699.46651025339,4617.92857142857,5260.83028438959,4864.9526474026,5789.57009850514
6374.76721854174,7021.29411764706,6442.46190230641,6982.9882569498,6498.13692445565
6568.22455408411,7021.29411764706,6998.26074409591,7213.35355904216,6642.67970778846
6757.1511581286,7021.29411764706,7218.81477507116,7447.68170165102,6805.57067548905
6885.50122371766,7021.29411764706,7457.60969926799,7623.58313705739,6885.26614543052
6310.26090856658,7021.29411764706,6898.81911099018,6996.7825737395,6330.08495300473
5434.41089485752,7021.29411764706,5592.83897176839,5201.46365238095,5508.41377369609
7584.05375516256,7021.29411764706,7126.51569366059,6414.88802309015,7520.38716826147
7654.88338624297,7021.29411764706,7178.97268465737,6141.18188744589,7599.16157344887
7374.81564568145,7021.29411764706,7253.74568371999,6278.88209016593,7377.50055819894
7236.1234138424,7021.29411764706,7470.90775948572,7323.32083589744,7227.19827736115
7171.65740042506,7021.29411764706,7128.38591020735,6844.09873502507,7103.21696067072
6666.18023188424,7021.29411764706,6872.52445286122,6748.55730110566,6719.6876263841
7127.80402395596,7021.29411764706,7115.47548649288,7171.30703930275,7141.22231673822
7491.00912913288,7021.29411764706,7273.83462493489,7004.3673016069,7445.42982330043
7818.27252028327,7021.29411764706,7147.67941669533,5842.60641938671,7756.69599396856
6461.19704849843,7021.29411764706,6746.8547362686,6763.7510550543,6492.55435270264
7238.15565149586,7021.29411764706,6844.09161676968,6260.23782936888,7192.4867594366
7432.19896237499,7021.29411764706,6862.67978110229,6169.90003591332,7363.53817906731
7453.63128920431,7021.29411764706,6867.83784309241,5570.22744235589,7373.07409596082
5970.77944883316,7021.29411764706,6615.45076728544,6508.20974010989,5974.86425529183
6627.96027370074,7021.29411764706,7072.06229862715,7246.0749708599,6665.54421368927
6758.36301611626,7021.29411764706,7158.62489568939,7288.93273255929,6762.32801883015
5972.37787380022,7021.29411764706,6748.42667924119,6757.20605201465,5977.71800583728
6558.64149131922,7021.29411764706,6744.06940753917,6865.66651138657,6571.00647280565
7103.81171056554,7021.29411764706,7038.27432356874,6247.53044712204,7078.61561938155
5385.30988760464,4617.92857142857,5525.9813547252,5564.21266666666,5511.26273582782
3465.55914812235,4617.92857142857,4756.68409381034,4417.5415,3626.88343369108
5544.49518038817,7021.29411764706,6331.57992257183,6619.92118095238,5542.40910381345
6454.23366092896,7021.29411764706,6666.61739343198,6941.43685384391,6478.33822517719
6443.18653484031,7021.29411764706,6698.05519503259,7148.95443179525,6507.79267489756
6927.44081380832,7021.29411764706,7103.70882438838,7506.94428990752,6909.82730653654
6520.07307496982,7021.29411764706,6518.12675792947,6705.33000154235,6594.67764283083
6966.43677385316,7021.29411764706,7039.496172636,6633.20750193063,6970.19217289128
6799.28289036556,7021.29411764706,7120.04666842999,6818.51229700854,6804.75539030787
6285.38674366851,7021.29411764706,6811.26790713754,6733.01148726534,6301.13096504186
6405.0299746491,7021.29411764706,6736.6332560145,6986.60155694637,6434.57193831452
6327.44979940764,7021.29411764706,6707.27118841697,7093.5963284004,6399.74266265572
6980.64934446568,7021.29411764706,7166.91542521495,7378.17298100336,6993.23307592835
7069.32752865063,7021.29411764706,6784.85854173405,6647.67959556935,7080.68008624351
6494.89600064586,7021.29411764706,6135.95221287871,6056.19363215028,6532.26741228751
6497.08247859226,7021.29411764706,6735.27580262465,6838.76718177378,6419.93241601838
6469.68382896981,7021.29411764706,6770.89163991167,6971.83318494838,6425.72726479755
6730.58116919309,7021.29411764706,6948.83273458347,7223.37518494838,6663.85378791048
7150.83821064333,7021.29411764706,7234.62156171657,7245.91807080262,7137.3747766922
6877.05185299415,7021.29411764706,7150.74202886556,6776.76730184345,6812.76407514778
6945.91213692482,7021.29411764706,7266.30160535626,7377.73058355832,6961.19776931671
7196.55099365673,7021.29411764706,7413.71243215591,7448.01546892292,7159.90704870925
6911.7362487459,7021.29411764706,7087.47573024057,7088.50815661877,6947.16611054125
6803.25437242526,7021.29411764706,7280.54188464646,7560.70865653236,6821.25417798429
5900.9545022522,7021.29411764706,6627.84053756149,5642.42425018315,5860.54622578824
5843.14121041093,7021.29411764706,6418.8814942168,6410.66156190476,5847.77695973192
6750.99422322259,7021.29411764706,7138.04108723913,7170.29180763052,6758.86273314091
6963.10723317063,7021.29411764706,7224.51147771781,7372.63935366228,6959.31809620417
7064.28146353157,7021.29411764706,7338.98693257785,7608.20816806092,7043.96990893782
6714.59698419243,7021.29411764706,7120.56424856209,7232.0056024087,6639.04510151049
5865.27564814116,7021.29411764706,6181.31777207757,6154.7423974359,5919.05709389265
5345.92321198045,4617.92857142857,5223.17546671284,5086.24011428571,5420.90047672081
6643.86418019946,7021.29411764706,6749.93119500383,6835.67878114765,6659.45554357585
6851.89554277978,7021.29411764706,7079.27237297517,7039.71766357654,6871.51396957483
7209.34869007182,7021.29411764706,7387.78680308974,7583.8027537752,7165.01767141736
7247.1409768563,7021.29411764706,7271.903726715,7151.09611296797,7232.9111211339
7248.61262333697,7021.29411764706,7453.43515488473,6525.40659450549,7111.32615908944
6538.31579612648,4617.92857142857,6572.66397775278,5827.55433589744,6440.38817907429
6276.10251833634,7021.29411764706,6399.99908133859,6222.66319415946,6341.04258626164
6959.27561180752,7021.29411764706,6597.37762491266,6632.44110257447,7000.13280699538
7299.02263923262,7021.29411764706,7038.85162061412,6939.8404368513,7300.26819073352
7193.87704865881,7021.29411764706,7170.46048670368,7271.45660247271,7209.23561741758
6078.51744474648,7021.29411764706,5783.63796404074,5776.26956410256,6132.92531432933
6623.2191609552,7021.29411764706,7235.77209413864,7690.62044057971,6616.38513539075
6583.26363294824,7021.29411764706,7173.87758976335,7399.42890748699,6607.6099944592
7104.05884781679,7021.29411764706,7544.38320597601,7577.04940907429,7058.46753833851
7169.58998172046,7021.29411764706,7559.86661414915,7717.29378631489,7139.30792160284
7183.22173638056,7021.29411764706,7556.31729493719,7789.94238234663,7173.12878200065
6839.65864022133,7021.29411764706,7310.61755216883,7330.75883581781,6778.41021458981
5468.09596829501,4617.92857142857,4265.57492358223,4238.69471538462,5619.20504350422
6805.24362749386,7021.29411764706,7462.49055578024,7616.0973952381,6820.3976014133
6892.02911034534,7021.29411764706,7452.83330100208,7813.07652301587,6925.52571334542
7147.32903939949,7021.29411764706,7196.11861966969,7570.37939365079,7114.47273435297
7375.8800318271,7021.29411764706,7371.34358215364,7278.978590073,7325.94201458077
7230.00456895071,7021.29411764706,7345.27903034721,7443.05820457516,7257.21921464848
7174.19719144007,7021.29411764706,7220.7788275574,7029.50972802198,7127.51431784719
7198.21990907377,7021.29411764706,7347.5957714765,7110.06953333334,7154.02666320466
6384.32160174136,7021.29411764706,6771.05683517225,6594.66298364969,6278.68195025461
4829.25680307452,4617.92857142857,5483.23610470457,4443.26317142857,4797.66042337191
7045.2865078483,7021.29411764706,6865.37796767963,6965.18226493506,6920.97966376624
6963.49327573761,7021.29411764706,7121.17272510939,7168.17363874459,6847.41753199455
6689.0171301078,7021.29411764706,6732.18132942407,7569.72762185592,6721.21370319112
5568.44756616403,4465.72368421053,5840.78292900263,4305.2259,5547.27165185135
4691.95611779866,4465.72368421053,5150.00641667125,5072.91837619048,4795.630456265
6817.44024218882,7021.29411764706,7186.14676647989,7407.57592207791,6822.78911026349
6708.25873638427,7021.29411764706,6976.55480930839,7194.93205233704,6696.13951070755
6479.97544374548,7021.29411764706,6747.66971326498,7046.9158190037,6528.10541153244
6605.18960796497,4465.72368421053,6717.57281478891,6132.99963174603,6590.62109171091
5877.68438928085,7021.29411764706,5749.70733361773,5941.87834848485,5887.42237340534
6620.7726297463,7021.29411764706,7013.3638928135,7321.01388787879,6624.0673099324
6704.08021992322,7021.29411764706,6872.86261208353,7214.69589978355,6708.35263515593
6381.84050095115,4617.92857142857,6267.46389486849,5882.9369040404,6356.96774028755
6962.42848471057,7021.29411764706,7338.55761504523,7617.38053296703,6913.53951483268
6886.97953214094,7021.29411764706,7038.14070947668,7071.77605062389,6811.04237961122
6336.62945766935,7021.29411764706,6370.20456818636,6984.00023975469,6300.66896674643
6324.1919103018,7021.29411764706,6261.78817295404,6749.22310642136,6303.71650668642
6091.82108280595,7021.29411764706,6243.96639081274,6912.56616013431,6090.14985489799
5735.43750615312,7021.29411764706,6086.03571416186,5395.99273907204,5705.98804325728
3318.92314977177,4617.92857142857,3091.27368580545,2121.25616666667,3489.19991932519
4930.38668225452,4465.72368421053,4188.13794027157,2697.23013333333,5063.65535785438
5631.04003012677,4465.72368421053,5758.46882737689,5388.35163809523,5665.6469870812
5180.47736379912,4465.72368421053,5675.37620093959,5339.95338333333,5122.97973275719
4935.72266043402,4465.72368421053,5151.56101668847,4947.48976731601,4911.5443108501
5235.83018356244,4465.72368421053,5287.29890197562,4803.74056096681,5210.01898878789
4554.18943921932,4465.72368421053,4676.2501191934,4917.82949523809,4599.93940768723
5595.39340928081,4465.72368421053,5882.25429347821,5505.18778754627,5610.96040529154
5598.56714441974,4465.72368421053,5962.04113914074,6047.09559072872,5538.85805246807
5025.1800766976,6200.66101694915,5696.9354102888,6088.95714285714,5068.92184578781
4336.28477585682,4465.72368421053,4151.22351445736,4341.4053547619,4420.54646947352
5308.51180169927,4465.72368421053,5380.69975807884,5271.67276428571,5344.90073778556
5673.62880793546,4465.72368421053,5900.89157055692,5418.44255483406,5667.29551788461
4905.08304720818,4465.72368421053,4860.59554057687,4674.17642763348,4950.2527449958
4784.29281555198,4465.72368421053,5306.47213081472,5331.6011,4761.08271399421
5184.84125494986,4465.72368421053,5530.59869414144,5251.59528333333,5114.8077884597
5164.31910798359,4465.72368421053,5388.25334276343,3719.74976731602,5173.04828791502
5770.70362901366,4465.72368421053,6078.3398148156,4791.7137192923,5754.43763237851
4973.46734633803,2647.30303030303,4333.61545323887,3015.96480858586,5057.65348661627
5069.04886140158,2647.30303030303,4640.72252090232,3290.28877525252,5044.45008428159
5662.99105656604,4465.72368421053,5360.90768340482,4789.0561991342,5582.2043190122
4202.45418321827,4465.72368421053,3868.18911814445,3929.26528809524,4292.10427910453
5385.56688072763,4465.72368421053,5452.02596271807,5262.91352056277,5409.9570712519
5456.09883297276,4465.72368421053,5396.61104636756,5003.48372460317,5452.20459563885
5583.26330392765,4465.72368421053,5476.18425659729,5257.64085569985,5575.7698744724
4891.357059641,4465.72368421053,4733.0575355244,4703.78223571429,4867.79933441307
4589.35342203727,4465.72368421053,4558.05284065533,4311.76093253968,4567.50983923495
5864.9156838235,6200.66101694915,6025.42827022765,6030.31149607843,5809.68591180454
5854.24197460914,6200.66101694915,6089.06106212519,6278.26624761905,5845.03798278317
5795.94032080788,6200.66101694915,5920.15455340138,5694.15487470356,5806.78323544715
5322.17704112534,2647.30303030303,5182.14895929455,4734.60929761905,5345.51545162117
4865.9986351678,4465.72368421053,4908.50597327481,4825.91276190476,4877.23845103476
4969.03146276198,4465.72368421053,4757.75317482229,4922.10483015873,4962.9358448613
4519.76710126673,4465.72368421053,4224.43571989526,3872.33884206349,4525.84724581593
4729.17350995591,4617.92857142857,4356.23819270577,4815.01338333333,4748.36659525879
4693.95236984113,4465.72368421053,4784.95175220533,5094.75244285714,4722.96651018289
5380.94990571312,4465.72368421053,5372.82689373002,5207.89554444445,5417.29573972429
5621.08131304326,4465.72368421053,5565.20463791042,4927.29004285714,5606.37072993051
4698.77709737143,4465.72368421053,4702.78007959288,4112.61120873016,4661.36616869276
4835.03216114408,4465.72368421053,4690.376625046,4553.48962142857,4816.67417476022
5540.26679500494,4465.72368421053,5749.09565025531,5398.53914223603,5567.1011658292
5020.42617363665,4465.72368421053,5275.90407809262,4556.53001666667,4990.59126602591
3807.50604691948,2647.30303030303,3365.18567095416,2229.3456232288,3785.01751879827
2696.36992521856,2647.30303030303,2695.65699402078,1688.00262812052,2692.61347028482
2191.71275673373,4465.72368421053,2545.58504007384,1884.01904047619,2277.51472491835
2410.31737877559,2647.30303030303,2464.66685543362,2568.54249327731,2521.40311925599
3112.71093361315,2647.30303030303,3285.26562522865,2908.18404637448,3100.60525690419
2923.96223866557,2647.30303030303,2768.56969877242,1728.72738095238,2927.59632618004
